{"pmnq4I5q19D70KG9iYjl4k1lbnnQRl":{"id":"928059044881629244","username":"VIDA","global_name":null,"display_name":null,"avatar":"fe70bb299a62ecfcbc843b8e02e90376","avatar_decoration":null,"discriminator":"5292","public_flags":4194368,"flags":4194368,"banner":null,"banner_color":"#9f0000","accent_color":10420224,"locale":"en-US","mfa_enabled":true,"premium_type":0},"6v3XyZShYCXspi8xTE72mCpyltY8qg":{"id":"928059044881629244","username":"VIDA","global_name":null,"display_name":null,"avatar":"fe70bb299a62ecfcbc843b8e02e90376","discriminator":"5292","public_flags":4194368,"flags":4194368,"banner":null,"banner_color":"#9f0000","accent_color":10420224,"locale":"en-US","mfa_enabled":true,"premium_type":0,"avatar_decoration":null},"Mh9rMRwgUeLnhksKeYX2qGpduMoGCg":{"id":"1089965127979245600","username":"VidaTester","global_name":null,"avatar":null,"discriminator":"2835","public_flags":0,"flags":0,"banner":null,"banner_color":null,"accent_color":null,"locale":"en-US","mfa_enabled":false,"premium_type":0,"avatar_decoration":null}}